,股票代码,股票简称,最新价,涨跌幅(%),PE(TTM),PE(静),市净率,PEG值,市销率,市现率,所属行业,市值,股息率,日期,分数
73,2202,金风科技,11.77,2.17,13.72,14.39,1.41,0.93,0.99,10.31,风电设备,4972904.6205,2.124,2022-05-17,209
278,601818,光大银行,3.13,0.32,3.88,3.9,0.44,0.26,1.11,-0.66,银行,16911991.2758,6.7093,2022-05-17,871
258,601577,长沙银行,7.53,0.53,4.65,4.8,0.6,0.25,1.41,3.11,银行,3028229.9768,4.2497,2022-05-17,777
93,2958,青农商行,3.22,-0.92,5.78,5.84,0.61,1.70,1.77,2.54,银行,1788904.5875,4.6584,2022-05-17,765
229,601166,兴业银行,19.59,1.29,4.71,4.92,0.65,0.19,1.81,-1.19,银行,40696639.6812,4.0939,2022-05-17,759
202,600919,江苏银行,7.15,0.85,5.02,5.36,0.68,0.16,1.61,0.76,银行,10560288.0533,4.4196,2022-05-17,756
199,600908,无锡银行,5.67,0.18,6.35,6.68,0.77,0.30,2.37,1.31,银行,1055570.9293,3.1746,2022-05-17,645
279,601825,沪农商行,6.34,0.0,5.88,6.31,0.63,0.31,2.48,1.36,银行,6114577.7781,4.1009,2022-05-17,736
203,600926,杭州银行,14.1,0.0,8.32,9.03,1.12,0.26,2.74,-1.12,银行,8361673.7205,2.4822,2022-05-17,417
107,600036,招商银行,38.6,4.64,7.86,8.12,1.27,0.32,2.88,4.43,银行,97348604.0199,3.2461,2022-05-17,436
230,601169,北京银行,4.44,-0.22,4.14,4.22,0.42,1.25,1.41,-1.49,银行,9387485.0168,6.7568,2022-05-17,870
226,601128,常熟银行,7.62,-0.91,9.03,9.55,1.01,0.40,2.61,-12.71,银行,2088532.2149,2.6247,2022-05-17,452
281,601838,成都银行,16.05,-0.19,6.98,7.4,1.21,0.21,3.11,-22.24,银行,5797663.3911,2.866,2022-05-17,458
0,1,平安银行,14.71,2.08,7.31,7.86,0.85,0.28,1.64,-8.38,银行,28546105.6693,1.2237,2022-05-17,463
92,2948,青岛银行,3.57,-0.28,6.78,7.11,0.7,0.29,1.89,1.43,银行,2077866.6365,3.9249,2022-05-17,695
264,601658,邮储银行,5.26,0.19,6.08,6.38,0.74,0.32,1.49,3.47,银行,48593966.9602,3.9639,2022-05-17,694
283,601860,紫金银行,2.85,-0.35,6.73,6.89,0.66,1.28,2.3,-1.87,银行,1043372.9063,3.5087,2022-05-17,690
89,2839,张家港行,4.96,-0.2,7.67,8.25,0.87,0.23,2.27,-15.74,银行,1076108.6157,2.6881,2022-05-17,541
94,2966,苏州银行,6.16,0.49,6.87,7.27,0.68,0.31,2.06,-2.65,银行,2258702.1201,3.5419,2022-05-17,678
217,601009,南京银行,11.68,5.42,6.97,7.38,1.02,0.32,2.72,1.91,银行,11698015.8067,3.3619,2022-05-17,544
265,601665,齐鲁银行,5.05,-0.2,7.26,7.62,0.84,0.32,2.19,0.72,银行,2313320.8337,3.5644,2022-05-17,615
294,601963,重庆银行,7.63,-0.39,5.67,5.68,0.61,1.03,1.89,-2.14,银行,2651047.5737,4.8886,2022-05-17,774
233,601187,厦门银行,5.81,-0.34,6.79,7.07,0.74,0.34,2.77,2.01,银行,1533333.3029,3.0981,2022-05-17,638
290,601916,浙商银行,3.29,-0.6,5.31,5.53,0.54,1.94,1.23,0.86,银行,6997401.24,4.8936,2022-05-17,786
297,601997,贵阳银行,6.05,-0.17,3.65,3.66,0.45,1.75,1.47,-1.08,银行,2211999.836,4.9587,2022-05-17,831
249,601328,交通银行,4.94,-0.6,4.12,4.19,0.45,0.36,1.34,2.46,银行,36685786.9626,6.417,2022-05-17,860
100,600015,华夏银行,5.31,0.19,3.43,3.47,0.34,0.32,0.85,0.63,银行,8170615.935,5.6685,2022-05-17,859
240,601229,上海银行,6.42,0.0,4.08,4.14,0.48,0.75,1.61,2.68,银行,9120668.5572,6.2305,2022-05-17,858
96,600000,浦发银行,8.02,0.63,4.38,4.44,0.41,-,1.23,-0.59,银行,23540441.8325,5.985,2022-05-17,855
295,601988,中国银行,3.2,0.31,4.28,4.35,0.48,0.34,1.55,-30.02,银行,94204093.1971,6.1562,2022-05-17,851
101,600016,民生银行,3.73,0.0,4.9,4.75,0.33,22.03,1.01,0.69,银行,16330842.1012,5.7105,2022-05-17,847
221,601077,渝农商行,3.86,-0.26,4.41,4.59,0.42,0.31,1.42,0.56,银行,4383802.0,5.7513,2022-05-17,847
298,601998,中信银行,4.68,0.0,3.99,4.12,0.44,0.28,1.11,-15.78,银行,22901506.8315,5.4271,2022-05-17,842
243,601288,农业银行,3.02,-0.66,4.3,4.38,0.5,0.36,1.45,4.72,银行,105694876.2296,6.1291,2022-05-17,846
254,601398,工商银行,4.66,-0.43,4.7,4.77,0.56,0.45,1.73,1.74,银行,166085315.8035,5.7082,2022-05-17,824
293,601939,建设银行,5.96,-0.67,4.84,4.93,0.58,0.41,1.77,2.25,银行,149006542.5817,5.4698,2022-05-17,805
204,600928,西安银行,3.67,-0.54,6.03,5.82,0.58,3.47,2.38,1.03,银行,1631111.1113,5.1771,2022-05-17,787
99,600012,皖通高速,7.27,-0.27,7.84,7.96,1.02,0.12,3.07,5.73,铁路公路,1205809.47,3.1637,2022-05-17,517
161,600548,深高速,9.0,-1.1,7.93,7.53,0.99,0.38,1.84,5.03,铁路公路,1962693.2934,4.7778,2022-05-17,602
145,600377,宁沪高速,8.16,0.87,10.73,9.84,1.3,0.16,2.94,7.43,铁路公路,4110801.96,5.6373,2022-05-17,454
223,601107,四川成渝,4.03,-0.98,6.82,6.6,0.7,0.03,1.27,6.62,铁路公路,1232398.18,1.9851,2022-05-17,601
63,1965,招商公路,7.33,0.41,9.38,9.11,0.85,0.08,5.37,10.84,铁路公路,4528643.5568,2.4147,2022-05-17,509
50,828,东莞控股,9.78,1.24,11.82,10.94,1.18,7.11,1.97,-18.93,铁路公路,1016647.6182,2.5562,2022-05-17,362
139,600350,山东高速,5.56,-0.54,8.66,8.76,0.9,0.16,1.63,2.89,铁路公路,2675008.2165,6.8345,2022-05-17,649
188,600808,马钢股份,3.89,-0.26,5.96,5.67,0.89,0.05,0.26,1.87,钢铁行业,3024759.4314,3.3004,2022-05-17,636
59,959,首钢股份,4.35,-0.46,4.81,4.82,0.79,0.02,0.25,2.46,钢铁行业,3378098.1089,1.979,2022-05-17,608
122,600126,杭钢股份,4.77,-1.24,9.61,9.82,0.77,0.26,0.32,4.35,钢铁行业,1610919.1926,4.1929,2022-05-17,603
45,778,新兴铸管,4.79,-1.44,8.92,9.52,0.79,0.95,0.36,7.08,钢铁行业,1911238.1537,3.13,2022-05-17,552
38,709,河钢股份,2.33,0.0,9.82,9.2,0.48,0.18,0.17,1.71,钢铁行业,2474135.6295,4.1781,2022-05-17,677
215,601003,柳钢股份,4.17,-0.95,38.09,7.34,0.89,-,0.11,3.23,钢铁行业,1068684.7644,5.9952,2022-05-17,680
103,600019,宝钢股份,6.22,0.16,6.3,5.86,0.71,0.08,0.38,2.53,钢铁行业,13850951.9841,10.3063,2022-05-17,797
71,2110,三钢闽光,6.78,-0.29,4.63,4.18,0.7,0.08,0.27,4.69,钢铁行业,1662168.6894,6.5763,2022-05-17,828
186,600782,新钢股份,5.74,0.17,4.16,4.21,0.66,0.07,0.17,5.34,钢铁行业,1830326.8275,5.1269,2022-05-17,799
49,825,太钢不锈,5.5,-1.08,5.48,4.97,0.86,0.02,0.3,2.24,钢铁行业,3132936.2878,13.4364,2022-05-17,770
134,600282,南钢股份,3.17,-0.63,5.1,4.77,0.72,0.12,0.26,4.42,钢铁行业,1953447.2015,7.8486,2022-05-17,814
53,898,鞍钢股份,3.4,-0.29,4.63,4.62,0.52,0.02,0.23,2.47,钢铁行业,3197026.9533,2.4695,2022-05-17,706
104,600022,山东钢铁,1.6,-0.62,14.58,14.26,0.78,0.51,0.16,3.1,钢铁行业,1751447.9386,2.4434,2022-05-17,442
55,932,华菱钢铁,5.4,-0.18,3.83,3.85,0.78,0.07,0.21,4.02,钢铁行业,3730661.5495,3.4501,2022-05-17,717
43,761,本钢板材,4.06,-0.73,7.42,6.67,0.76,0.02,0.21,9.99,钢铁行业,1667931.6673,11.8772,2022-05-17,769
208,600968,海油发展,2.49,1.63,18.54,19.72,1.23,-,0.63,5.93,采掘行业,2531110.9456,1.8072,2022-05-17,207
164,600583,海油工程,4.22,1.2,50.69,50.45,0.82,63.81,0.89,5.79,采掘行业,1865811.7256,1.6588,2022-05-17,310
137,600339,中油工程,2.87,0.7,33.2,34.88,0.64,-,0.19,-14.91,采掘行业,1602363.3242,1.6028,2022-05-17,364
41,729,燕京啤酒,6.79,0.74,56.71,83.93,1.43,4.38,1.56,12.55,酿酒行业,1913788.2125,0.324,2022-05-17,26
162,600567,山鹰国际,2.78,-0.71,10.33,8.47,0.79,1.19,0.38,5.19,造纸印刷,1283296.8741,1.3934,2022-05-17,475
19,488,晨鸣纸业,5.49,-0.72,16.38,7.93,0.9,1.08,0.52,3.02,造纸印刷,1638330.3018,3.3698,2022-05-17,573
5,39,中集集团,13.12,1.0,6.87,7.08,1.01,0.56,0.28,2.02,通用设备,4716657.8301,2.1341,2022-05-17,491
151,600482,中国动力,14.8,0.68,59.96,52.16,0.88,3.58,1.15,8.47,通用设备,3197809.5302,0.5135,2022-05-17,219
153,600487,亨通光电,10.41,1.07,16.22,17.12,1.18,0.48,0.56,12.94,通信设备,2459061.1159,0.5692,2022-05-17,162
155,600498,烽火通信,13.29,0.45,54.25,54.82,1.43,0.11,0.59,-53.29,通信设备,1578623.2512,0.5734,2022-05-17,43
110,600050,中国联通,3.51,0.57,16.37,17.25,0.72,1.17,0.33,1.03,通信服务,10876834.1958,3.2433,2022-05-17,476
74,2212,天融信,9.27,0.43,42.17,47.79,1.18,-,3.17,99.77,软件开发,1099248.7873,0.4177,2022-05-17,110
185,600755,厦门国贸,7.96,-1.49,4.84,4.94,0.86,0.16,0.03,-5.21,贸易行业,1685662.1814,5.3272,2022-05-17,728
182,600739,辽宁成大,13.34,-0.74,10.73,9.45,0.72,-,1.14,27.96,贸易行业,2040632.8945,1.6492,2022-05-17,490
124,600153,建发股份,13.44,-3.52,6.08,6.31,0.91,0.14,0.05,4.89,贸易行业,3848295.2659,3.7205,2022-05-17,630
154,600489,中金黄金,7.08,0.43,20.07,20.21,1.36,2.44,0.59,7.19,贵金属,3431897.2953,2.2655,2022-05-17,201
77,2237,恒邦股份,9.17,0.44,23.88,23.15,1.32,1.08,0.25,66.31,贵金属,1052729.2048,0.8179,2022-05-17,110
287,601881,中国银河,8.72,-0.46,8.84,8.48,1.03,0.17,2.47,1.35,证券,8839689.6361,2.5229,2022-05-17,465
228,601162,天风证券,2.96,0.0,62.09,43.75,1.03,1.42,6.26,14.37,证券,2565064.2093,0.1689,2022-05-17,155
200,600909,华安证券,4.2,0.0,14.58,13.85,1.03,1.03,5.82,-247.9,证券,1973017.4923,2.2023,2022-05-17,343
224,601108,财通证券,7.09,0.0,14.46,12.83,1.32,1.12,5.75,15.05,证券,3292404.6267,2.1802,2022-05-17,259
252,601377,兴业证券,6.16,0.49,11.14,8.7,1.0,0.57,2.72,4.77,证券,4125149.7512,2.9221,2022-05-17,496
142,600369,西南证券,3.6,0.0,36.06,23.04,0.95,-,10.03,22.42,证券,2392239.2846,2.7778,2022-05-17,357
40,728,国元证券,5.81,0.17,17.42,13.28,0.79,0.37,4.39,50.1,证券,2535354.9547,3.4423,2022-05-17,500
83,2500,山西证券,5.03,-0.2,24.61,22.47,1.04,2.84,4.58,7.64,证券,1805655.0881,2.1869,2022-05-17,287
36,686,东北证券,6.38,0.16,14.55,9.19,0.84,0.65,2.14,3.5,证券,1493208.9598,1.5674,2022-05-17,454
201,600918,中泰证券,7.11,-0.28,17.99,15.48,1.39,0.58,3.95,5.53,证券,4954692.9125,1.5331,2022-05-17,168
86,2673,西部证券,6.09,0.16,24.05,19.3,1.0,0.77,4.19,-2.35,证券,2721975.2583,1.2479,2022-05-17,243
113,600061,国投资本,6.1,-0.49,10.37,8.18,0.85,0.63,2.27,8.97,证券,3919434.6476,2.1139,2022-05-17,513
42,750,国海证券,3.39,-0.29,28.71,24.14,0.99,4.07,3.87,1.11,证券,1845694.1492,3.5398,2022-05-17,376
119,600109,国金证券,8.14,-0.49,15.43,13.08,1.24,0.50,4.65,-40.6,证券,3031628.4783,0.6983,2022-05-17,184
213,600999,招商证券,12.9,0.23,10.66,9.63,1.14,0.43,4.13,92.24,证券,11218519.5797,3.3876,2022-05-17,438
44,776,广发证券,15.9,0.95,12.6,11.16,1.14,1.51,3.95,-11.45,证券,12117529.3858,2.8302,2022-05-17,378
87,2736,国信证券,9.1,-0.11,9.51,8.65,1.13,0.16,3.88,-5.22,证券,8747310.7331,2.5275,2022-05-17,424
91,2939,长城证券,7.88,-0.13,17.68,13.85,1.25,0.97,3.51,-30.25,证券,2445483.4166,1.269,2022-05-17,204
90,2926,华西证券,6.96,0.29,16.01,11.19,0.83,-,3.97,7.35,证券,1827000.0,1.5948,2022-05-17,412
14,166,申万宏源,3.99,0.0,12.43,10.63,1.04,0.54,3.28,-3.73,证券,9990937.8794,2.5063,2022-05-17,407
46,783,长江证券,5.53,0.18,17.43,12.69,1.02,1.09,4.08,2.37,证券,3058066.4085,2.7125,2022-05-17,393
285,601878,浙商证券,9.14,0.0,16.89,16.14,1.47,0.48,2.18,131.43,证券,3544646.2786,1.4223,2022-05-17,137
256,601555,东吴证券,6.39,0.79,15.37,13.38,0.86,0.34,3.62,1.2,证券,3199794.194,1.8835,2022-05-17,387
205,600958,东方证券,8.93,1.02,17.15,14.13,1.26,0.13,3.4,-2.66,证券,7844241.7208,2.2363,2022-05-17,269
234,601198,东兴证券,8.0,0.63,18.06,15.65,0.97,2.16,4.98,1.45,证券,2585956.416,1.8131,2022-05-17,320
236,601211,国泰君安,14.2,0.28,9.64,8.42,0.92,0.25,3.16,3.01,证券,12647473.7927,3.9393,2022-05-17,580
193,600837,海通证券,8.91,0.22,10.87,9.08,0.71,0.67,3.22,2.68,证券,11640202.2,2.8058,2022-05-17,579
106,600030,中信证券,19.32,1.31,12.36,12.4,1.24,0.19,3.8,2.32,证券,28633296.4736,1.807,2022-05-17,267
289,601901,方正证券,6.09,0.33,35.54,27.51,1.2,0.45,6.08,3.55,证券,5013349.7496,0.1642,2022-05-17,108
251,601375,中原证券,3.85,-0.26,43.53,34.83,1.31,0.11,4.79,-8.45,证券,1787510.6095,0.8831,2022-05-17,104
274,601788,光大证券,11.3,0.18,15.09,14.95,0.97,0.20,3.35,6.47,证券,5210190.0321,1.3982,2022-05-17,295
269,601688,华泰证券,13.08,0.23,9.69,8.9,0.84,0.41,3.27,-3.32,证券,11872258.2,3.0393,2022-05-17,555
176,600685,中船防务,14.79,-0.4,237.53,263.34,1.46,-,1.9,2.88,船舶制造,2090575.9331,1.1224,2022-05-17,56
9,88,盐田港,4.94,-2.37,24.19,24.08,1.22,1.24,15.33,35.7,航运港口,1111085.903,0.3644,2022-05-17,113
62,1872,招商港口,15.25,0.39,9.73,10.92,0.71,0.39,1.86,4.42,航运港口,2931606.8141,2.4918,2022-05-17,519
102,600018,上港集团,6.13,-1.76,8.29,9.72,1.36,0.10,3.66,10.87,航运港口,14269830.6868,2.0787,2022-05-17,298
239,601228,广州港,3.41,-0.87,17.74,18.6,1.41,0.49,1.75,11.56,航运港口,2111874.38,1.261,2022-05-17,123
150,600428,中远海特,4.75,1.28,17.16,33.95,1.03,0.17,1.02,4.77,航运港口,1019659.1162,0.4211,2022-05-17,169
27,582,北部湾港,7.71,-3.14,13.33,13.36,1.25,-,2.27,7.98,航运港口,1373521.3583,2.2007,2022-05-17,277
219,601018,宁波港,3.95,-1.0,14.37,14.41,1.12,0.48,2.57,6.13,航运港口,6243929.8612,2.0759,2022-05-17,290
248,601326,秦港股份,2.77,-1.07,14.78,14.9,0.94,3.28,2.35,6.25,航运港口,1547713.124,2.3105,2022-05-17,371
284,601866,中远海发,3.0,-0.99,6.14,6.69,1.4,0.02,1.09,2.24,航运港口,4075943.1903,1.494,2022-05-17,334
214,601000,唐山港,2.57,-3.38,7.57,7.29,0.8,0.61,2.76,7.3,航运港口,1522963.6538,13.6187,2022-05-17,738
180,600717,天津港,4.03,-1.47,12.88,11.99,0.67,0.23,0.86,4.6,航运港口,1166282.4183,1.7783,2022-05-17,463
244,601298,青岛港,5.63,0.0,9.1,9.22,1.01,2.87,2.17,10.05,航运港口,3654489.3,4.6572,2022-05-17,542
286,601880,辽港股份,1.7,0.0,22.58,21.28,1.06,0.05,3.31,10.58,航运港口,4077801.1887,1.6369,2022-05-17,241
58,958,电投产融,4.51,0.0,19.61,18.73,1.36,9.70,3.09,-134.14,综合行业,2427921.7525,1.3304,2022-05-17,140
148,600398,海澜之家,5.07,-1.74,9.23,8.79,1.44,0.24,1.1,5.38,纺织服装,2190039.8212,5.0493,2022-05-17,431
85,2563,森马服饰,5.54,-1.77,11.11,10.04,1.26,0.14,0.97,11.27,纺织服装,1492525.9486,9.0311,2022-05-17,499
127,600177,雅戈尔,7.29,-0.55,5.07,6.58,0.92,-,1.76,-56.47,纺织服装,3374470.2673,6.8589,2022-05-17,706
177,600688,上海石化,3.2,1.59,33.29,17.31,1.13,0.25,0.36,13.34,石油行业,3463620.32,3.125,2022-05-17,326
282,601857,中国石油,5.23,1.16,9.25,10.39,0.73,0.02,0.34,2.24,石油行业,95719971.3988,4.1648,2022-05-17,597
105,600028,中国石化,4.35,0.46,6.96,7.4,0.66,0.06,0.18,2.72,石油行业,52665976.196,6.6667,2022-05-17,762
75,2221,东华能源,7.62,0.66,14.38,11.02,1.15,-,0.48,30.53,石油行业,1256555.3919,2.8975,2022-05-17,385
231,601179,中国西电,4.14,0.0,36.2,39.0,1.03,0.20,1.4,7.77,电网设备,2122115.2937,0.7246,2022-05-17,182
257,601567,三星医疗,9.06,0.22,18.64,18.5,1.41,-,1.68,125.58,电网设备,1276241.025,3.8026,2022-05-17,274
197,600875,东方电气,13.01,0.93,15.71,17.73,1.21,0.71,0.79,-9.43,电源设备,4057820.4701,1.3839,2022-05-17,193
245,601311,骆驼股份,8.77,0.8,14.77,12.37,1.19,1.16,0.84,12.7,电池,1028849.1455,2.1723,2022-05-17,308
52,883,湖北能源,4.22,-0.71,12.63,11.85,0.9,-,1.13,5.88,电力行业,2772434.8739,2.8166,2022-05-17,457
95,3816,中国广核,2.78,-0.36,13.75,14.42,1.35,8.00,1.74,4.47,电力行业,14038613.8858,2.8777,2022-05-17,276
152,600483,福能股份,11.8,-2.24,16.94,18.18,1.27,-,1.96,13.89,电力行业,2306365.0966,2.1879,2022-05-17,233
117,600098,广州发展,5.82,-1.36,78.22,101.78,0.88,-,0.55,11.15,电力行业,2062640.3156,2.1942,2022-05-17,321
28,591,太阳能,7.18,1.41,18.63,18.28,1.42,1.31,3.16,10.34,电力行业,2159096.387,1.727,2022-05-17,157
125,600167,联美控股,6.93,-0.43,15.62,15.16,1.5,-,4.51,8.65,电力行业,1585666.7962,5.7202,2022-05-17,333
273,601778,晶科科技,4.78,1.27,33.57,38.32,1.17,-,3.91,10.45,电力行业,1383491.988,0.344,2022-05-17,114
3,27,深圳能源,5.91,-0.84,13.81,13.21,0.99,-,0.84,5.66,电力行业,2811617.4404,4.3993,2022-05-17,469
170,600642,申能股份,5.46,-0.55,27.6,16.33,0.87,-,1.0,12.58,电力行业,2681972.9205,5.079,2022-05-17,496
79,2252,上海莱士,5.54,-1.95,26.36,28.85,1.42,-,7.3,26.27,生物制品,3734396.5005,0.4513,2022-05-17,56
173,600655,豫园股份,9.9,0.0,10.65,9.98,1.12,1.52,0.74,-5.04,珠宝首饰,3851479.1443,3.3239,2022-05-17,436
60,967,盈峰环境,4.53,0.0,20.05,19.77,0.86,-,1.21,12.38,环保行业,1440313.3886,2.5862,2022-05-17,387
235,601200,上海环境,9.7,0.0,17.18,15.85,1.09,1.83,1.5,14.89,环保行业,1088202.7867,0.8763,2022-05-17,216
280,601827,三峰环境,6.99,-0.57,11.66,9.47,1.29,0.16,2.02,6.65,环保行业,1173109.332,2.1459,2022-05-17,326
187,600787,中储股份,5.74,0.35,10.93,14.27,0.97,0.21,0.16,4.78,物流行业,1257241.582,1.3763,2022-05-17,298
178,600704,物产中大,5.02,-0.2,6.37,6.55,0.88,0.12,0.05,-12.13,物流行业,2608408.0841,3.8814,2022-05-17,648
111,600057,厦门象屿,9.28,0.65,8.81,9.27,1.5,0.12,0.04,28.86,物流行业,2001896.0833,3.2283,2022-05-17,345
277,601816,京沪高铁,4.53,0.0,47.19,46.19,1.19,1.14,7.61,14.95,物流行业,22245237.5288,0.7263,2022-05-17,123
67,2010,传化智联,6.13,0.33,8.32,8.37,1.11,0.14,0.51,16.74,物流行业,1882802.9712,1.7561,2022-05-17,390
259,601598,中国外运,3.86,-0.26,7.4,7.69,0.84,0.21,0.23,5.85,物流行业,2856710.2958,3.1088,2022-05-17,585
216,601006,大秦铁路,6.53,-0.31,8.42,7.97,0.78,0.73,1.25,6.17,物流行业,9708097.8465,7.3506,2022-05-17,716
183,600740,山西焦化,5.41,-0.73,10.27,11.0,1.09,1.11,1.16,19.83,煤炭行业,1386107.5443,2.8437,2022-05-17,406
270,601699,潞安环能,14.14,1.65,5.58,6.31,1.12,0.02,0.83,4.34,煤炭行业,4229852.6088,1.372,2022-05-17,410
210,600985,淮北矿业,14.46,1.69,6.88,7.5,1.22,0.17,0.51,3.02,煤炭行业,3587577.9476,4.1426,2022-05-17,505
72,2128,电投能源,14.59,0.76,6.9,7.88,1.27,0.08,1.08,3.68,煤炭行业,2803575.7263,2.7416,2022-05-17,415
211,600997,开滦股份,7.21,1.12,6.37,6.31,0.81,0.10,0.52,2.31,煤炭行业,1144803.6926,3.8835,2022-05-17,675
56,937,冀中能源,7.05,-1.67,6.99,9.09,1.14,0.01,0.72,5.16,煤炭行业,2491150.5293,5.6738,2022-05-17,526
158,600508,上海能源,17.65,6.2,13.26,34.17,1.13,-,1.13,10.54,煤炭行业,1275597.27,1.5751,2022-05-17,196
288,601898,中煤能源,9.65,1.47,7.73,9.63,1.05,0.06,0.52,2.46,煤炭行业,12794610.181,1.3886,2022-05-17,347
218,601015,陕西黑猫,5.12,-0.19,8.41,6.85,1.2,0.02,0.53,40.58,煤炭行业,1045758.7912,0.7792,2022-05-17,350
291,601918,新集能源,4.95,1.85,5.19,5.27,1.27,0.03,1.02,3.04,煤炭行业,1282318.191,0.7071,2022-05-17,354
121,600123,兰花科创,13.75,2.08,5.23,6.68,1.12,0.01,1.13,3.89,煤炭行业,1570800.0,0.7273,2022-05-17,372
138,600348,华阳股份,10.62,1.72,5.84,7.23,1.22,0.03,0.7,3.38,煤炭行业,2554110.0,2.354,2022-05-17,432
26,581,威孚高科,20.59,0.83,8.48,8.06,1.03,-,1.56,347.62,汽车零部件,2076830.0546,7.2871,2022-05-17,625
68,2048,宁波华翔,14.03,0.36,9.34,9.03,1.09,0.18,0.65,4.88,汽车零部件,1142175.9977,20.2862,2022-05-17,589
195,600841,动力新科,6.62,-2.65,18.58,15.59,1.1,0.03,0.52,-4.24,汽车零部件,1080076.6546,0.5085,2022-05-17,196
15,338,潍柴动力,11.3,4.53,14.18,10.66,1.36,29.78,0.55,7.93,汽车零部件,9861009.2077,3.6991,2022-05-17,373
271,601717,郑煤机,12.19,-0.33,10.46,11.14,1.38,0.15,0.73,7.1,汽车零部件,2169202.7837,1.7166,2022-05-17,243
184,600741,华域汽车,20.62,1.53,9.44,10.05,1.28,0.52,0.46,7.33,汽车零部件,6500916.855,3.6372,2022-05-17,393
136,600335,国机汽车,7.0,-1.96,41.96,39.82,0.96,-,0.25,11.25,汽车服务,1019812.7457,1.7143,2022-05-17,265
23,550,江铃汽车,15.16,4.19,26.67,22.79,1.5,7.30,0.38,12.1,汽车整车,1308632.424,22.9288,2022-05-17,335
115,600066,宇通客车,8.09,2.53,29.42,29.18,1.21,1.57,0.77,61.15,汽车整车,1791076.8314,6.3172,2022-05-17,373
48,800,一汽解放,8.14,2.13,14.77,9.71,1.42,0.30,0.55,4.3,汽车整车,3788449.295,6.1379,2022-05-17,442
97,600006,东风汽车,5.19,4.43,47.77,27.92,1.28,-,0.68,4.3,汽车整车,1038000.0,1.6012,2022-05-17,158
118,600104,上汽集团,16.5,1.98,8.31,7.86,0.7,0.41,0.25,18.42,汽车整车,19277711.2523,3.7228,2022-05-17,660
242,601238,广汽集团,13.55,3.2,17.77,19.33,1.46,0.66,1.71,-40.04,汽车整车,14178662.6252,1.4536,2022-05-17,121
57,951,中国重汽,11.53,10.02,24.24,13.05,0.96,-,0.32,2.85,汽车整车,1354624.3721,4.2126,2022-05-17,477
76,2233,塔牌集团,8.74,-0.79,6.78,5.67,0.87,2.09,1.4,5.79,水泥建材,1042048.364,4.9078,2022-05-17,702
165,600585,海螺水泥,37.98,-0.37,6.22,6.05,1.07,-,1.27,6.33,水泥建材,20126751.195,5.5819,2022-05-17,630
296,601992,金隅集团,2.85,0.0,10.19,10.38,0.64,3.15,0.25,2.38,水泥建材,3043164.7732,2.1053,2022-05-17,517
181,600720,祁连山,15.2,6.67,13.06,12.45,1.43,-,1.51,6.88,水泥建材,1179961.2286,4.4737,2022-05-17,342
51,877,天山股份,12.18,-0.65,8.64,8.42,1.3,0.00,0.62,3.84,水泥建材,10552048.9875,0.4771,2022-05-17,254
16,401,冀东水泥,10.58,-1.31,10.7,10.01,0.9,-,0.78,5.52,水泥建材,2812389.4937,2.5133,2022-05-17,474
237,601212,白银有色,2.68,0.37,165.84,242.78,1.31,12.32,0.25,27.28,有色金属,1984479.5689,0.1119,2022-05-17,50
7,60,中金岭南,4.12,0.0,12.05,12.83,1.17,0.79,0.3,9.22,有色金属,1503818.4271,1.9939,2022-05-17,292
84,2532,天山铝业,6.8,-0.15,7.68,8.25,1.41,0.08,1.01,6.85,有色金属,3163282.0822,5.8824,2022-05-17,485
141,600362,江西铜业,17.41,0.93,9.65,10.7,0.75,0.06,0.13,6.79,有色金属,6028611.8941,0.5744,2022-05-17,390
33,630,铜陵有色,3.3,1.54,10.38,11.2,1.44,0.03,0.27,5.3,有色金属,3473755.9916,1.2121,2022-05-17,183
130,600219,南山铝业,3.33,0.6,11.07,11.67,0.92,0.15,1.25,8.11,有色金属,3979510.3462,1.6517,2022-05-17,376
262,601609,金田铜业,7.07,0.28,13.53,14.12,1.42,0.28,0.12,-7.99,有色金属,1046700.5831,1.4993,2022-05-17,173
222,601098,中南传媒,9.81,-1.6,11.57,11.63,1.2,2.01,1.51,20.36,文化传媒,1761876.0,6.422,2022-05-17,471
108,600037,歌华有线,9.25,-5.32,40.85,61.64,1.0,0.66,5.09,15.37,文化传媒,1287394.5427,0.4324,2022-05-17,171
276,601811,新华文轩,8.82,-0.68,8.25,8.33,0.94,2.24,1.02,5.37,文化传媒,1088247.762,3.5147,2022-05-17,557
12,156,华数传媒,7.34,-1.34,14.75,15.0,0.95,2.03,1.55,6.56,文化传媒,1360052.4124,2.3161,2022-05-17,364
168,600637,东方明珠,7.07,-1.12,13.73,12.98,0.8,0.66,2.76,15.9,文化传媒,2414051.6421,3.7601,2022-05-17,518
143,600373,中文传媒,10.4,-0.38,6.85,6.9,0.84,0.57,1.31,6.09,文化传媒,1409266.2678,5.2885,2022-05-17,690
292,601928,凤凰传媒,7.29,-0.95,8.3,7.55,1.12,0.14,1.42,5.86,文化传媒,1855232.1,5.487,2022-05-17,569
220,601019,山东出版,6.28,-1.26,8.31,8.55,1.04,1.02,1.18,5.42,文化传媒,1310573.2,5.0955,2022-05-17,556
206,600959,江苏有线,3.26,-2.69,48.78,51.74,0.74,0.16,2.17,7.48,文化传媒,1630233.9656,0.9202,2022-05-17,288
8,69,华侨城A,5.78,-2.36,15.42,12.48,0.6,-,0.47,4.31,房地产开发,4740636.8829,6.782,2022-05-17,659
146,600383,金地集团,13.16,0.23,6.27,6.31,0.94,-,0.56,4.14,房地产开发,5941191.9808,5.3191,2022-05-17,672
190,600823,世茂股份,3.04,-2.88,13.88,11.87,0.44,-,0.62,-0.86,房地产开发,1140355.1513,5.5921,2022-05-17,661
169,600639,浦东金桥,14.69,-3.61,6.86,10.16,1.28,0.09,2.44,36.53,房地产开发,1648824.5398,2.0422,2022-05-17,302
1,2,万科A,19.07,1.01,9.78,9.84,0.94,-,0.49,-8.52,房地产开发,22169606.0961,6.5548,2022-05-17,602
144,600376,首开股份,5.18,-4.25,29.19,19.3,0.52,-,0.23,6.68,房地产开发,1336214.7954,7.722,2022-05-17,618
34,656,金科股份,3.95,-3.42,7.4,5.86,0.62,-,0.19,1.11,房地产开发,2109187.7473,11.3747,2022-05-17,823
17,402,金融街,6.31,-2.02,9.34,11.48,0.5,-,0.69,-6.07,房地产开发,1886014.7713,4.7544,2022-05-17,638
21,517,荣安地产,3.87,-5.61,8.68,11.34,1.28,-,0.66,2.59,房地产开发,1232178.0017,0.9044,2022-05-17,214
64,1979,招商蛇口,13.6,-1.02,10.62,10.39,1.27,-,0.65,3.0,房地产开发,10775609.9251,4.5965,2022-05-17,426
109,600048,保利发展,16.95,0.06,7.4,7.41,1.13,-,0.69,284.28,房地产开发,20289630.8579,4.3067,2022-05-17,540
114,600064,南京高科,11.13,0.27,5.58,5.85,0.88,0.31,4.04,11.99,房地产开发,1375620.0163,4.4924,2022-05-17,679
227,601155,新城控股,24.85,-0.64,4.48,4.46,0.94,-,0.33,1.95,房地产开发,5625011.5554,8.237,2022-05-17,752
128,600208,新湖中宝,2.9,0.35,11.24,11.15,0.62,-,1.48,1.92,房地产开发,2493809.6254,1.8939,2022-05-17,496
174,600675,中华企业,3.4,-5.29,33.08,25.74,1.34,-,2.19,5.83,房地产开发,2072685.9857,4.0255,2022-05-17,284
78,2244,滨江集团,8.32,-2.12,9.06,8.55,1.25,0.28,0.7,-2.58,房地产开发,2588721.3165,2.7163,2022-05-17,399
166,600606,绿地控股,4.25,-3.19,11.33,8.79,0.59,-,0.11,1.02,房地产开发,5430038.8942,5.6022,2022-05-17,711
171,600648,外高桥,14.51,-1.76,11.63,17.58,1.32,0.35,1.54,3.23,房地产开发,1647391.5789,1.3784,2022-05-17,160
172,600649,城投控股,4.65,-3.53,9.65,12.9,0.56,0.71,1.28,-1.25,房地产开发,1176252.6698,1.9785,2022-05-17,478
255,601512,中新集团,9.18,-1.08,9.41,9.04,1.08,0.55,3.43,3624.62,房地产开发,1375981.02,2.854,2022-05-17,454
80,2314,南山控股,4.69,-5.63,13.61,13.01,1.35,-,1.12,5.85,房地产开发,1269949.9986,2.1322,2022-05-17,247
135,600325,华发股份,7.91,-4.24,5.0,5.24,0.95,0.50,0.32,0.46,房地产开发,1674674.4428,5.6891,2022-05-17,703
18,425,徐工机械,5.09,0.2,7.53,7.1,1.06,0.16,0.5,5.96,工程机械,3987337.2309,1.9646,2022-05-17,458
22,528,柳工,6.25,-1.26,16.03,12.28,0.78,-,0.46,260.14,工程机械,1221887.4944,3.3806,2022-05-17,520
13,157,中联重科,5.83,-0.51,10.63,8.07,0.88,-,0.87,91.26,工程机械,5059269.4736,5.4858,2022-05-17,645
20,498,山东路桥,10.22,2.51,7.21,7.47,1.48,0.11,0.26,-4.09,工程建设,1594352.5027,0.9766,2022-05-17,265
267,601669,中国电建,7.08,-1.26,12.36,12.55,1.15,1.50,0.24,5.78,工程建设,10831716.797,1.2954,2022-05-17,249
131,600248,陕西建工,5.48,-3.52,5.76,5.81,1.22,0.34,0.12,-8.62,工程建设,2021507.4927,1.1505,2022-05-17,382
209,600970,中材国际,8.21,-0.48,10.15,10.28,1.38,0.11,0.5,12.4,工程建设,1860083.9245,2.1486,2022-05-17,285
157,600502,安徽建工,6.67,-7.36,10.28,10.48,1.37,0.30,0.16,-1.73,工程建设,1148013.9014,2.9985,2022-05-17,335
266,601668,中国建筑,5.88,-1.67,4.62,4.8,0.71,0.32,0.13,-3.96,工程建设,24661225.0003,3.652,2022-05-17,731
232,601186,中国铁建,8.24,-0.6,4.42,4.53,0.53,0.44,0.11,64.55,工程建设,11189542.196,2.7913,2022-05-17,724
10,90,天健集团,7.54,-5.28,7.34,7.29,1.37,0.19,0.61,-4.46,工程建设,1408883.2572,5.0398,2022-05-17,494
275,601800,中国交建,10.13,-2.41,8.73,9.1,0.71,0.93,0.23,-13.54,工程建设,16375865.6735,1.7856,2022-05-17,513
263,601618,中国中冶,3.44,-1.15,7.99,8.51,0.83,1.37,0.14,4.43,工程建设,7128924.9945,2.1802,2022-05-17,519
189,600820,隧道股份,5.82,-3.8,7.75,7.65,0.73,1.38,0.29,2.66,工程建设,1829863.9267,3.7801,2022-05-17,653
69,2061,浙江交科,7.0,-1.41,8.94,11.42,1.05,-,0.23,-21.1,工程建设,1106162.2495,1.4923,2022-05-17,317
225,601117,中国化学,9.38,-0.95,11.95,12.37,1.16,0.37,0.39,-23.05,工程建设,5730683.4115,1.9196,2022-05-17,295
253,601390,中国中铁,6.81,-1.45,5.87,6.1,0.71,0.61,0.15,-25.94,工程建设,16849066.1581,2.6212,2022-05-17,649
126,600170,上海建工,3.08,-2.53,7.95,7.28,0.91,0.69,0.1,4.57,工程建设,2742554.5002,4.698,2022-05-17,639
112,600060,海信视像,11.39,0.53,12.08,13.1,0.91,-,0.32,4.57,家电行业,1490109.5319,2.3717,2022-05-17,406
2,16,深康佳A,4.65,0.22,11.96,12.37,1.2,-,0.24,15.84,家电行业,1119694.6147,2.1505,2022-05-17,303
194,600839,四川长虹,2.69,-1.1,39.51,43.63,0.93,0.09,0.13,4.14,家电行业,1241769.6957,0.3717,2022-05-17,202
30,617,中油资本,4.7,-0.42,10.74,10.71,0.63,-,1.89,1.03,多元金融,5941777.1671,3.9787,2022-05-17,614
198,600901,江苏租赁,5.15,0.59,7.22,7.42,1.04,0.68,3.87,-8.29,多元金融,1538124.7335,5.8252,2022-05-17,616
147,600390,五矿资本,4.61,-0.22,7.35,6.1,0.52,-,1.74,3.04,多元金融,2073608.1766,7.6356,2022-05-17,826
179,600705,中航产融,3.29,0.3,7.69,6.56,0.8,0.17,1.56,-27.81,多元金融,2934671.6523,3.3702,2022-05-17,647
61,987,越秀金控,7.74,1.04,11.53,11.6,1.12,-,1.97,-3.11,多元金融,2876489.2788,2.3926,2022-05-17,355
120,600120,浙江东方,3.67,-0.81,17.3,16.2,0.8,-,0.58,11.27,多元金融,1062950.5854,0.8384,2022-05-17,315
82,2423,中粮资本,6.49,0.31,18.06,10.9,0.83,0.49,0.78,1.61,多元金融,1495364.5182,0.6934,2022-05-17,370
25,563,陕国投A,2.96,-1.0,15.96,16.02,0.95,2.35,6.22,-4.51,多元金融,1173347.8024,1.0135,2022-05-17,274
123,600143,金发科技,8.84,0.23,17.26,13.69,1.48,-,0.56,11.4,塑料制品,2275082.1512,6.7873,2022-05-17,373
196,600859,王府井,22.53,-2.09,18.21,19.04,1.29,0.04,2.02,11.72,商业百货,2552291.7891,0.4562,2022-05-17,111
175,600682,南京新百,9.07,-1.41,11.91,11.19,0.7,0.25,2.0,6.12,商业百货,1220941.9244,0.2205,2022-05-17,383
47,785,居然之家,4.13,-0.24,12.19,11.6,1.37,0.16,2.1,4.53,商业百货,2696492.2393,1.255,2022-05-17,202
191,600827,百联股份,11.42,-5.62,32.07,27.08,1.15,-,0.59,5.58,商业百货,2037519.9896,1.3135,2022-05-17,176
212,600998,九州通,12.39,0.41,10.85,9.48,1.07,-,0.19,7.18,医药商业,2321724.2374,3.9383,2022-05-17,493
4,28,国药一致,28.14,-2.46,9.56,9.01,0.79,-,0.17,6.91,医药商业,1204749.3302,2.8429,2022-05-17,560
261,601607,上海医药,18.99,-5.0,16.61,13.78,1.09,1.32,0.32,19.12,医药商业,7017768.2659,1.7507,2022-05-17,288
299,603225,新凤鸣,10.17,-3.97,7.62,6.9,0.95,0.03,0.35,9.05,化纤行业,1555469.8988,1.1672,2022-05-17,450
241,601233,桐昆股份,15.38,0.65,5.21,5.06,1.0,0.03,0.61,13.32,化纤行业,3708301.7802,0.8019,2022-05-17,458
37,703,恒逸石化,8.46,-0.12,10.58,9.1,1.19,0.88,0.24,7.0,化纤行业,3101673.3284,3.525,2022-05-17,446
116,600075,新疆天业,6.02,-1.15,7.35,6.27,1.04,0.10,0.83,3.48,化学原料,1027827.2645,1.3813,2022-05-17,445
268,601678,滨化股份,5.66,0.0,7.76,7.16,1.07,0.04,1.24,7.52,化学原料,1164848.5322,1.6221,2022-05-17,430
70,2092,中泰化学,7.49,0.54,8.0,7.14,0.75,0.01,0.35,7.32,化学原料,1929228.8982,0.1113,2022-05-17,462
149,600409,三友化工,6.74,-0.59,10.56,8.33,1.07,0.10,0.59,5.8,化学原料,1391371.528,3.635,2022-05-17,511
167,600623,华谊集团,7.46,-0.27,5.25,5.36,0.72,0.01,0.39,2.47,化学原料,1590061.4001,0.8038,2022-05-17,548
65,2002,鸿达兴业,3.47,0.29,15.82,12.72,1.08,6.19,1.87,-51.21,化学原料,1083319.8823,0.2609,2022-05-17,223
133,600277,亿利洁能,4.72,1.51,20.94,20.96,1.02,0.40,1.33,10.07,化学原料,1680613.6756,0.9289,2022-05-17,223
129,600216,浙江医药,13.0,-1.14,12.08,12.0,1.39,0.21,1.41,13.65,化学制药,1254666.4,1.7567,2022-05-17,227
31,623,吉林敖东,14.28,-0.49,11.47,9.33,0.68,2.92,6.87,63.37,化学制药,1660831.1503,1.3714,2022-05-17,480
156,600500,中化国际,6.39,0.95,7.79,8.12,1.48,0.02,0.22,5.99,化学制品,1766941.3756,0.6261,2022-05-17,226
140,600352,浙江龙盛,10.4,-0.57,12.19,10.03,1.1,-,1.99,7.43,化学制品,3383465.1344,2.4038,2022-05-17,392
24,553,安道麦A,11.27,-4.09,60.19,166.82,1.23,-,0.8,7.32,农药兽药,2625697.8603,0.142,2022-05-17,75
66,2004,华邦健康,5.38,-0.37,14.85,15.9,1.04,5.19,0.82,7.26,农药兽药,1065196.5248,4.0892,2022-05-17,410
54,930,中粮科技,8.59,-1.49,14.22,14.14,1.37,0.14,0.69,3.76,农牧饲渔,1602270.019,0.7569,2022-05-17,142
98,600008,首创环保,2.95,-0.34,9.45,9.47,1.26,0.18,0.96,8.91,公用事业,2165474.2497,2.3729,2022-05-17,355
29,598,兴蓉环境,5.12,-0.39,9.86,10.23,1.11,0.65,2.2,5.84,公用事业,1528943.9242,1.9416,2022-05-17,352
35,685,中山公用,7.41,-0.13,8.18,7.46,0.72,1.26,4.55,31.41,公用事业,1093057.5111,3.7787,2022-05-17,663
88,2745,木林森,8.89,1.25,12.63,11.38,0.98,0.02,0.73,4.43,光学光电子,1319423.9287,1.4173,2022-05-17,344
11,100,TCL科技,4.24,0.71,6.61,5.92,1.37,0.06,0.35,2.07,光学光电子,5948992.3865,2.7325,2022-05-17,443
39,725,京东方A,3.84,0.0,5.91,5.72,1.11,0.01,0.67,2.36,光学光电子,14763166.6491,2.349,2022-05-17,505
6,50,深天马A,9.07,0.67,13.65,14.45,0.74,3.18,0.7,4.22,光学光电子,2229177.1285,0.7718,2022-05-17,342
247,601319,中国人保,4.64,-0.22,10.08,9.48,0.96,1.32,0.33,2.81,保险,20519931.6305,2.9525,2022-05-17,490
250,601336,新华保险,28.05,0.25,8.76,5.85,0.86,1.94,0.41,1.04,保险,8750328.213,4.9554,2022-05-17,698
260,601601,中国太保,21.12,1.98,8.56,7.57,0.92,0.96,0.47,1.63,保险,20318161.153,5.6532,2022-05-17,647
32,627,天茂集团,2.9,0.0,36.41,30.44,0.66,-,0.26,-8.48,保险,1432782.4579,0.3448,2022-05-17,293
246,601318,中国平安,43.82,1.06,8.43,7.88,0.96,-,0.7,2.95,保险,80104017.8586,5.1589,2022-05-17,613
238,601222,林洋能源,7.3,1.96,16.05,16.16,1.02,-,2.82,12.29,仪器仪表,1503923.4839,1.1988,2022-05-17,251
159,600528,中铁工业,8.11,-0.86,9.64,9.71,0.88,5.92,0.66,13.73,交运设备,1801678.3379,1.7386,2022-05-17,434
207,600967,内蒙一机,8.91,0.45,19.57,20.34,1.43,1.34,1.03,-7.35,交运设备,1518488.3689,0.9315,2022-05-17,96
272,601766,中国中车,4.97,-0.4,15.54,13.84,0.96,-,0.66,5.82,交运设备,14263335.4517,3.6217,2022-05-17,441
81,2373,千方科技,8.44,-0.35,40.69,18.43,1.09,-,1.36,22.26,互联网服务,1334258.3017,0.8255,2022-05-17,201
132,600271,航天信息,10.12,0.3,23.49,18.3,1.4,-,0.78,16.5,互联网服务,1875119.2537,1.66,2022-05-17,160
160,600535,天士力,10.46,-3.06,10.67,6.69,1.27,0.06,1.96,6.36,中药,1577283.8284,3.1428,2022-05-17,467
192,600835,上海机电,11.88,1.28,16.77,14.98,0.97,-,0.51,12.42,专用设备,1215014.2979,3.2828,2022-05-17,409
163,600582,天地科技,4.69,-1.26,10.84,11.98,1.0,0.59,0.8,4.77,专用设备,1940998.1903,3.1983,2022-05-17,439
